filename,PSNR,SSIM,MSE
Airport_airport_101_generated_x2.png,26.225018672936212,0.781624412799857,155.08810648148147
Airport_airport_102_generated_x2.png,27.40516660749828,0.8227306092628314,118.18536481481482
Airport_airport_103_generated_x2.png,25.917027070295212,0.7413486811462863,166.485975
Airport_airport_104_generated_x2.png,26.209122784107144,0.8069238152939079,155.65679444444444
Airport_airport_105_generated_x2.png,26.025737132863608,0.7644515937417089,162.37032037037037
Airport_airport_106_generated_x2.png,26.623480718852694,0.7800890663671582,141.4921314814815
Airport_airport_107_generated_x2.png,26.464018232274444,0.7838236273485485,146.78393888888888
Airport_airport_108_generated_x2.png,26.624008344876188,0.8093212625920216,141.47494259259258
Airport_airport_109_generated_x2.png,25.590441964866613,0.7595022675664714,179.48830833333332
Airport_airport_110_generated_x2.png,26.821149955207332,0.7970362899780835,135.19647407407408
Airport_airport_111_generated_x2.png,24.38474264673992,0.7485041782874728,236.9223851851852
Airport_airport_112_generated_x2.png,25.202734821568736,0.8059485078739875,196.24874074074074
Airport_airport_113_generated_x2.png,25.75760669449315,0.7788201945686696,172.71087777777777
Airport_airport_114_generated_x2.png,26.966647937508164,0.7800733499866611,130.74213333333333
Airport_airport_115_generated_x2.png,27.993882571214407,0.7922235464215417,103.20294814814815
Airport_airport_116_generated_x2.png,29.468813723294648,0.8612781326525161,73.48504907407407
Airport_airport_117_generated_x2.png,29.188541289605,0.8454915707558914,78.38378518518519
Airport_airport_118_generated_x2.png,29.851231215778053,0.8400816187617739,67.29103981481481
Airport_airport_119_generated_x2.png,31.206343481471134,0.8386259175924528,49.254511111111114
Airport_airport_120_generated_x2.png,27.41483672823731,0.7485783713350567,117.92250277777778
BareLand_bareland_101_generated_x2.png,31.065939921283807,0.8354849432568349,50.87288518518518
BareLand_bareland_102_generated_x2.png,28.914389641969397,0.8346320671298573,83.49133333333333
BareLand_bareland_103_generated_x2.png,32.84143995004974,0.822305671968755,33.80153055555556
BareLand_bareland_104_generated_x2.png,26.546968694442974,0.8176199421658984,144.00696296296297
BareLand_bareland_105_generated_x2.png,31.439014386716465,0.8322962382341474,46.68516759259259
BareLand_bareland_106_generated_x2.png,29.41395477259253,0.8444340041836306,74.41918055555556
BareLand_bareland_107_generated_x2.png,30.093345765711103,0.8405770891324522,63.64228796296296
BareLand_bareland_108_generated_x2.png,29.90976032604963,0.8381058851386421,66.3902537037037
BareLand_bareland_109_generated_x2.png,31.771405632645067,0.8582619968704956,43.245387962962965
BareLand_bareland_110_generated_x2.png,30.759566224364477,0.8374298833011159,54.59133796296296
BareLand_bareland_111_generated_x2.png,36.866491029289904,0.9317773709421976,13.37923425925926
BareLand_bareland_112_generated_x2.png,31.204889840999087,0.8730155978258285,49.271
BareLand_bareland_113_generated_x2.png,34.5037714026086,0.8456585350965119,23.051713888888887
BareLand_bareland_114_generated_x2.png,34.4267198704323,0.8620336565964104,23.464341666666666
BareLand_bareland_115_generated_x2.png,33.47344293059265,0.8542046221701401,29.223758333333333
BareLand_bareland_116_generated_x2.png,35.84168616547973,0.8985418461659055,16.939935185185185
BareLand_bareland_117_generated_x2.png,32.610276961265804,0.8452168071088414,35.649436111111115
BareLand_bareland_118_generated_x2.png,32.764399347157195,0.8547256518441131,34.40649444444445
BareLand_bareland_119_generated_x2.png,35.6864166418663,0.9147584208361289,17.556530555555554
BareLand_bareland_120_generated_x2.png,26.33422120814672,0.7579281219677263,151.2370648148148
BaseballField_baseballfield_101_generated_x2.png,29.218934039711506,0.8314695811125383,77.83715555555555
BaseballField_baseballfield_102_generated_x2.png,28.835036465049747,0.8073037449694375,85.03088796296296
BaseballField_baseballfield_103_generated_x2.png,28.75758207362636,0.7966706025722566,86.56097777777778
BaseballField_baseballfield_104_generated_x2.png,27.84201990646579,0.8299401724290799,106.87555185185185
BaseballField_baseballfield_105_generated_x2.png,27.845778098813145,0.813692545780945,106.78310648148148
BaseballField_baseballfield_106_generated_x2.png,28.00591457081545,0.8289570278758495,102.91742314814815
BaseballField_baseballfield_107_generated_x2.png,29.09861140232065,0.8392563318425955,80.02380925925925
BaseballField_baseballfield_108_generated_x2.png,30.003237249582227,0.8124371103666569,64.97654814814815
BaseballField_baseballfield_109_generated_x2.png,28.789047906572634,0.8043330060656079,85.93608611111111
BaseballField_baseballfield_110_generated_x2.png,28.289201735731105,0.830777373589498,96.41845925925927
BaseballField_baseballfield_111_generated_x2.png,29.01639142202248,0.8190646275928543,81.55323981481482
BaseballField_baseballfield_112_generated_x2.png,29.295649819223442,0.8312200031409919,76.47427685185185
BaseballField_baseballfield_113_generated_x2.png,27.915809315742468,0.7946092164291244,105.07500740740741
BaseballField_baseballfield_114_generated_x2.png,27.10041780739637,0.8066931823733429,126.77644814814815
BaseballField_baseballfield_115_generated_x2.png,25.609248051508366,0.8219423628053047,178.7127574074074
BaseballField_baseballfield_116_generated_x2.png,27.657018046209405,0.8119723183495623,111.52662407407408
BaseballField_baseballfield_117_generated_x2.png,28.822093479217912,0.8249827922473337,85.28467777777777
BaseballField_baseballfield_118_generated_x2.png,29.43142953708863,0.8286558249535508,74.12034074074074
BaseballField_baseballfield_119_generated_x2.png,28.283398863400397,0.8156673459505108,96.54737592592592
BaseballField_baseballfield_120_generated_x2.png,29.553039337015946,0.8625825633377042,72.07363518518518
Beach_beach_101_generated_x2.png,31.355970874945655,0.8929844185608854,47.586446296296295
Beach_beach_102_generated_x2.png,30.919442588773464,0.8684113606725866,52.61821388888889
Beach_beach_103_generated_x2.png,31.995104837741547,0.8501063590169492,41.07427222222222
Beach_beach_104_generated_x2.png,32.217291748755756,0.8298839768049074,39.02574351851852
Beach_beach_105_generated_x2.png,34.724734069482935,0.8644090284921112,21.908212962962963
Beach_beach_106_generated_x2.png,31.138920738675576,0.8551859546669829,50.025137037037034
Beach_beach_107_generated_x2.png,31.264514143052207,0.863626856975788,48.599180555555556
Beach_beach_108_generated_x2.png,31.092528796643705,0.855365880664878,50.56237685185185
Beach_beach_109_generated_x2.png,32.24657025072887,0.8842652215559137,38.76353148148148
Beach_beach_110_generated_x2.png,30.98813035830232,0.8469255433590067,51.7925537037037
Beach_beach_111_generated_x2.png,31.8439648513777,0.8673585700181693,42.52887314814815
Beach_beach_112_generated_x2.png,31.152110379458353,0.8392638599529626,49.873439814814816
Beach_beach_113_generated_x2.png,29.447341738022214,0.8142319043221784,73.84926666666667
Beach_beach_114_generated_x2.png,30.485938798830272,0.8360473695968684,58.141533333333335
Beach_beach_115_generated_x2.png,20.91188157142072,0.5294399206718624,527.0990138888889
Beach_beach_116_generated_x2.png,30.83993362228022,0.8586875958262324,53.5904
Beach_beach_117_generated_x2.png,34.30699472971311,0.8445656113787056,24.120199074074073
Beach_beach_118_generated_x2.png,32.60353542158505,0.8232069442061783,35.70481759259259
Beach_beach_119_generated_x2.png,30.576652709794878,0.8821356707189129,56.93968888888889
Beach_beach_120_generated_x2.png,29.142110070450464,0.7141461282037271,79.2262962962963
Bridge_bridge_101_generated_x2.png,27.018670199861084,0.8491894946682491,129.1853722222222
Bridge_bridge_102_generated_x2.png,28.535295811947957,0.891230976115386,91.10679722222223
Bridge_bridge_103_generated_x2.png,29.369896626382378,0.8856096134921597,75.17798796296296
Bridge_bridge_104_generated_x2.png,27.719538723148275,0.8671524014202744,109.93259722222223
Bridge_bridge_105_generated_x2.png,30.763733671528527,0.9029427178128699,54.53897777777778
Bridge_bridge_106_generated_x2.png,29.17888069121304,0.8622100845371313,78.55833888888888
Bridge_bridge_107_generated_x2.png,33.39868977449177,0.9103096253605325,29.73112777777778
Bridge_bridge_108_generated_x2.png,26.871811801845865,0.778306694527494,133.62852685185186
Bridge_bridge_109_generated_x2.png,28.307000401211088,0.8691475114577623,96.02411666666667
Bridge_bridge_110_generated_x2.png,28.86322428739644,0.8236587006795891,84.48078333333333
Bridge_bridge_111_generated_x2.png,29.297407077144122,0.8278026555504234,76.44333981481482
Bridge_bridge_112_generated_x2.png,29.6880163489731,0.8090613635221094,69.86806666666666
Bridge_bridge_113_generated_x2.png,28.360811920533074,0.8433132005197285,94.84166481481482
Bridge_bridge_114_generated_x2.png,26.36890075195289,0.7912286626335536,150.03420648148148
Bridge_bridge_115_generated_x2.png,32.540839667968044,0.9378276954471437,36.22399907407407
Bridge_bridge_116_generated_x2.png,28.911280589065697,0.8990102056649923,83.551125
Bridge_bridge_117_generated_x2.png,26.524735148277834,0.7977531488647623,144.74609166666667
Bridge_bridge_118_generated_x2.png,26.636409256112323,0.8685359823287427,141.07154907407408
Bridge_bridge_119_generated_x2.png,34.302585472447774,0.8484828298555552,24.1447
Bridge_bridge_120_generated_x2.png,28.663719216669943,0.8286677173994006,88.45215925925926
Center_center_101_generated_x2.png,22.921829632887096,0.7900071237396357,331.8160564814815
Center_center_102_generated_x2.png,24.151127046024108,0.8076957250316118,250.01591574074075
Center_center_103_generated_x2.png,28.89185096330614,0.8445913555711551,83.92575648148149
Center_center_104_generated_x2.png,25.127631706796265,0.7780511508971536,199.67201018518517
Center_center_105_generated_x2.png,26.31982965688419,0.7952159066724308,151.73906203703703
Center_center_106_generated_x2.png,26.875107090595304,0.8843438591919018,133.52717222222222
Center_center_107_generated_x2.png,25.153000073521667,0.6598273295753501,198.50906944444444
Center_center_108_generated_x2.png,24.734258913823307,0.7742149113943427,218.60217037037037
Center_center_109_generated_x2.png,25.618657423819812,0.7709072341706517,178.32597962962964
Center_center_110_generated_x2.png,24.425459370914737,0.7402930492729158,234.71152962962964
Center_center_111_generated_x2.png,21.526596864449917,0.7266825371447053,457.5311574074074
Center_center_112_generated_x2.png,25.949145980117997,0.8129062724999893,165.25924444444445
Center_center_113_generated_x2.png,25.70638911588344,0.8144148705440445,174.7597638888889
Center_center_114_generated_x2.png,24.395673745436554,0.6567719152436725,236.32680648148147
Center_center_115_generated_x2.png,24.5917874659208,0.6746378277164463,225.89239722222223
Center_center_116_generated_x2.png,23.093072670177936,0.7938510952365361,318.98708055555556
Center_center_117_generated_x2.png,23.295868423300654,0.7290098415463754,304.4342555555556
Center_center_118_generated_x2.png,25.916451309423447,0.730434707498037,166.50804814814813
Center_center_119_generated_x2.png,25.481710772740488,0.8097272813778579,184.0387537037037
Center_center_120_generated_x2.png,25.50976762203289,0.803757044892201,182.8536351851852
Church_church_101_generated_x2.png,23.712524891571817,0.7762203362418423,276.5845212962963
Church_church_102_generated_x2.png,24.170049810982004,0.7661339486506616,248.92893425925925
Church_church_103_generated_x2.png,21.99952817825473,0.6878587376839999,410.3245888888889
Church_church_104_generated_x2.png,23.24324771087282,0.7404142006590392,308.14532962962966
Church_church_105_generated_x2.png,22.867648118665688,0.7646237661002987,335.9816425925926
Church_church_106_generated_x2.png,23.562164709142223,0.7490955478372988,286.3280462962963
Church_church_107_generated_x2.png,23.431097832473732,0.7443906845382995,295.1009296296296
Church_church_108_generated_x2.png,24.37268319752807,0.7398802060076495,237.58118333333334
Church_church_109_generated_x2.png,24.219594743805075,0.768788049091525,246.10525462962963
Church_church_110_generated_x2.png,22.838913708491436,0.7411646829060761,338.2119824074074
Church_church_111_generated_x2.png,25.1178276543509,0.7413919999187208,200.12327222222223
Church_church_112_generated_x2.png,27.099583641312538,0.8428234351198709,126.80080092592593
Church_church_113_generated_x2.png,25.294790875801475,0.8218800437370182,192.13269444444444
Church_church_114_generated_x2.png,25.624653245247618,0.8068665752299718,178.07995462962964
Church_church_115_generated_x2.png,26.116216425203977,0.8560975230167435,159.02255185185186
Church_church_116_generated_x2.png,27.093381376541593,0.8354403695349045,126.9820175925926
Church_church_117_generated_x2.png,25.806175008819654,0.804079313132677,170.79016574074075
Church_church_118_generated_x2.png,26.12275005372908,0.7974726932272415,158.78349444444444
Church_church_119_generated_x2.png,26.31711435977893,0.8134977306974124,151.83396203703703
Church_church_120_generated_x2.png,26.724484305199965,0.8001691558573976,138.2394287037037
Commercial_commercial_101_generated_x2.png,27.942984973851228,0.8818885587332567,104.41956111111111
Commercial_commercial_102_generated_x2.png,22.455159106969134,0.785525295124225,369.4574685185185
Commercial_commercial_103_generated_x2.png,26.973014764011648,0.8646681170039815,130.5506037037037
Commercial_commercial_104_generated_x2.png,23.437480254761507,0.8018154925874837,294.6675657407407
Commercial_commercial_105_generated_x2.png,29.03951799234552,0.8467367489295361,81.12011574074074
Commercial_commercial_106_generated_x2.png,25.284519124187952,0.8182372950444815,192.58765648148147
Commercial_commercial_107_generated_x2.png,28.997089285140333,0.8409608046978031,81.91650833333334
Commercial_commercial_108_generated_x2.png,25.03011691126774,0.8163777531791894,204.20608055555556
Commercial_commercial_109_generated_x2.png,28.838908060385823,0.8477167605764794,84.95511944444445
Commercial_commercial_110_generated_x2.png,23.693357273176346,0.7771583849827876,277.80792685185185
Commercial_commercial_111_generated_x2.png,23.68701314052426,0.8200226403041694,278.2140425925926
Commercial_commercial_112_generated_x2.png,23.37205971024364,0.8201801720053715,299.1399314814815
Commercial_commercial_113_generated_x2.png,28.217979175411422,0.8732367175725054,98.01272037037037
Commercial_commercial_114_generated_x2.png,23.6325476776543,0.7938539167781619,281.72513333333336
Commercial_commercial_115_generated_x2.png,27.9409801970538,0.8664439252596354,104.46777407407407
Commercial_commercial_116_generated_x2.png,22.816282308756712,0.8049940601702893,339.9790296296296
Commercial_commercial_117_generated_x2.png,23.255542197284843,0.78855028359057,307.2742314814815
Commercial_commercial_118_generated_x2.png,25.11705392955591,0.7628582985433877,200.1589287037037
Commercial_commercial_119_generated_x2.png,22.253099571842675,0.79281021272022,387.05296944444444
Commercial_commercial_120_generated_x2.png,30.929922584870873,0.8990644967798446,52.49139351851852
DenseResidential_denseresidential_101_generated_x2.png,22.000607397772693,0.745574183626263,410.2226361111111
DenseResidential_denseresidential_102_generated_x2.png,30.741479095335876,0.8799882550301765,54.81916944444445
DenseResidential_denseresidential_103_generated_x2.png,24.15412646887194,0.6470495245709466,249.8433037037037
DenseResidential_denseresidential_104_generated_x2.png,22.144258623650725,0.7559319640584649,396.87569074074077
DenseResidential_denseresidential_105_generated_x2.png,22.19082685915661,0.7130808339038621,392.64283333333333
DenseResidential_denseresidential_106_generated_x2.png,21.7555990512562,0.749664334345109,434.0307064814815
DenseResidential_denseresidential_107_generated_x2.png,21.147742501406555,0.7264092498416407,499.23624814814815
DenseResidential_denseresidential_108_generated_x2.png,21.709088454791235,0.7403922014974881,438.7039203703704
DenseResidential_denseresidential_109_generated_x2.png,25.337147599159202,0.6961109937921722,190.26793333333333
DenseResidential_denseresidential_110_generated_x2.png,23.26917587885722,0.7074593024028372,306.31112685185184
DenseResidential_denseresidential_111_generated_x2.png,23.015771020844994,0.6648834917477312,324.7156787037037
DenseResidential_denseresidential_112_generated_x2.png,23.654311982443893,0.7052223800967313,280.31682314814816
DenseResidential_denseresidential_113_generated_x2.png,22.076332812317375,0.7061600742899193,403.13182037037035
DenseResidential_denseresidential_114_generated_x2.png,21.495525352922257,0.716705452980607,460.8162925925926
DenseResidential_denseresidential_115_generated_x2.png,21.93500452890076,0.7148821952087587,416.46634166666666
DenseResidential_denseresidential_116_generated_x2.png,22.59612631940659,0.7016241238767916,357.65782314814817
DenseResidential_denseresidential_117_generated_x2.png,23.64298991836182,0.7283920238577158,281.048562962963
DenseResidential_denseresidential_118_generated_x2.png,23.734567462524794,0.725590417970761,275.18427592592593
DenseResidential_denseresidential_119_generated_x2.png,23.700418154279088,0.749804783643349,277.3566259259259
DenseResidential_denseresidential_120_generated_x2.png,24.546833836521497,0.7243414877039616,228.2427425925926
Desert_desert_101_generated_x2.png,34.21971786393978,0.8710944571553272,24.609827777777777
Desert_desert_102_generated_x2.png,39.169001184436894,0.9432426199462783,7.873725
Desert_desert_103_generated_x2.png,38.0401818885145,0.9492151580013357,10.210856481481482
Desert_desert_104_generated_x2.png,39.6077791438448,0.9525261352104794,7.117089814814815
Desert_desert_105_generated_x2.png,36.53544469867652,0.9024471558787367,14.43895925925926
Desert_desert_106_generated_x2.png,37.454652377786374,0.9388493024110817,11.684634259259258
Desert_desert_107_generated_x2.png,34.003027253119406,0.8561463593682633,25.868880555555556
Desert_desert_108_generated_x2.png,36.46844170800346,0.9447513000984534,14.663450925925925
Desert_desert_109_generated_x2.png,32.94940472531092,0.8946105588103865,32.97158981481481
Desert_desert_110_generated_x2.png,34.43587984828655,0.8811924537685986,23.414903703703704
Desert_desert_111_generated_x2.png,34.22781910607048,0.8698784139420365,24.56396388888889
Desert_desert_112_generated_x2.png,32.71389784299736,0.8783204388093396,34.80892222222222
Desert_desert_113_generated_x2.png,34.212749872727635,0.8508389624912179,24.649344444444445
Desert_desert_114_generated_x2.png,33.645697093120205,0.8531258751081024,28.08734259259259
Desert_desert_115_generated_x2.png,33.48332462499324,0.8558412284776727,29.157339814814815
Desert_desert_116_generated_x2.png,36.1819298712616,0.8708134862888272,15.663448148148149
Desert_desert_117_generated_x2.png,32.71299569891409,0.8700052906877902,34.816153703703705
Desert_desert_118_generated_x2.png,35.163236664544975,0.8951587407540825,19.80417222222222
Desert_desert_119_generated_x2.png,33.27546383257874,0.8842007843352225,30.58679537037037
Desert_desert_120_generated_x2.png,33.468128282469614,0.9264681193793618,29.25954259259259
Farmland_farmland_101_generated_x2.png,32.52304709730039,0.8489951134049522,36.37270925925926
Farmland_farmland_102_generated_x2.png,31.53524189435677,0.8280048438669209,45.66213055555556
Farmland_farmland_103_generated_x2.png,31.510761345903575,0.8977390262484537,45.92024814814815
Farmland_farmland_104_generated_x2.png,32.042180496502354,0.8413973953310524,40.63144907407408
Farmland_farmland_105_generated_x2.png,31.166458763801263,0.818583155365152,49.70893796296296
Farmland_farmland_106_generated_x2.png,32.21139594342445,0.8517062040212032,39.07875925925926
Farmland_farmland_107_generated_x2.png,33.58951604486013,0.8573887853146335,28.453045370370372
Farmland_farmland_108_generated_x2.png,33.318836287802505,0.8519439559681827,30.282849074074075
Farmland_farmland_109_generated_x2.png,30.1570338156137,0.8002627018144265,62.71580185185185
Farmland_farmland_110_generated_x2.png,30.905841040231614,0.893060003138848,52.78326574074074
Farmland_farmland_111_generated_x2.png,30.866611465729985,0.894254697768713,53.26221388888889
Farmland_farmland_112_generated_x2.png,30.22413886929631,0.8920463351779556,61.7541962962963
Farmland_farmland_113_generated_x2.png,30.875275915232923,0.8911795565075856,53.156058333333334
Farmland_farmland_114_generated_x2.png,31.355472076460916,0.8898064922719487,47.591912037037034
Farmland_farmland_115_generated_x2.png,28.980169062603615,0.7569241924400792,82.23627962962964
Farmland_farmland_116_generated_x2.png,31.43606516502166,0.8491264436848455,46.71688148148148
Farmland_farmland_117_generated_x2.png,32.885274204846326,0.8668766246561334,33.46208055555555
Farmland_farmland_118_generated_x2.png,32.91558091197611,0.8797527495512117,33.22938240740741
Farmland_farmland_119_generated_x2.png,32.23966151775463,0.8592440520646777,38.82524537037037
Farmland_farmland_120_generated_x2.png,34.631060709244444,0.8772890325956023,22.385886111111112
Forest_forest_101_generated_x2.png,27.460393257743565,0.7300439470939223,116.69198703703704
Forest_forest_102_generated_x2.png,24.05263823826366,0.7003009064165413,255.75052685185184
Forest_forest_103_generated_x2.png,27.598129386302542,0.7146739507944795,113.04918148148148
Forest_forest_104_generated_x2.png,25.27433881047744,0.7310169308642452,193.03963148148148
Forest_forest_105_generated_x2.png,27.133752030017906,0.7382316492977806,125.80710185185185
Forest_forest_106_generated_x2.png,25.624000654689137,0.7123609766892042,178.10671574074075
Forest_forest_107_generated_x2.png,27.557441278318898,0.7109999831025756,114.11329166666667
Forest_forest_108_generated_x2.png,24.997931080873933,0.7527592687417073,205.72508611111112
Forest_forest_109_generated_x2.png,26.980404364253417,0.7567039681210934,130.32865833333332
Forest_forest_110_generated_x2.png,27.216957766953875,0.7133309113702638,123.41972777777778
Forest_forest_111_generated_x2.png,27.69822939010158,0.745436390544489,110.47332407407407
Forest_forest_112_generated_x2.png,26.570158042888423,0.6756065484023951,143.24008055555555
Forest_forest_113_generated_x2.png,27.293045714111784,0.7482341235312627,121.27625833333333
Forest_forest_114_generated_x2.png,25.3034753626632,0.6931482011312623,191.748875
Forest_forest_115_generated_x2.png,27.749998186925712,0.7387973638943044,109.16427685185185
Forest_forest_116_generated_x2.png,25.12621113496966,0.7433389540871223,199.73733333333334
Forest_forest_117_generated_x2.png,27.09657073800935,0.6887847044127713,126.88879907407407
Forest_forest_118_generated_x2.png,26.526449097105814,0.704905702320426,144.6889787037037
Forest_forest_119_generated_x2.png,27.101504959815543,0.6982592283157375,126.74471666666666
Forest_forest_120_generated_x2.png,25.75804285548461,0.6917346708311887,172.69353333333333
Industrial_industrial_101_generated_x2.png,28.686050595399628,0.8963697674878371,87.99850648148148
Industrial_industrial_102_generated_x2.png,29.21596901706005,0.8657691759677042,77.89031481481481
Industrial_industrial_103_generated_x2.png,24.84967615980745,0.748559107342864,212.86915925925925
Industrial_industrial_104_generated_x2.png,27.824753809589325,0.8693865564278473,107.30129907407408
Industrial_industrial_105_generated_x2.png,24.982886434259687,0.7495579574155414,206.43898611111112
Industrial_industrial_106_generated_x2.png,29.254620448043273,0.8860108696001309,77.20018055555556
Industrial_industrial_107_generated_x2.png,28.163697475073448,0.8589459130176929,99.24545185185185
Industrial_industrial_108_generated_x2.png,24.95825723867471,0.7172011328116579,207.61304444444445
Industrial_industrial_109_generated_x2.png,25.076687784440544,0.8152811400777785,202.02800833333333
Industrial_industrial_110_generated_x2.png,25.719369111398013,0.8388694367572676,174.23822962962964
Industrial_industrial_111_generated_x2.png,24.353024095095375,0.8230266891358994,238.65907407407408
Industrial_industrial_112_generated_x2.png,28.774287833768287,0.8412219705764344,86.22864814814815
Industrial_industrial_113_generated_x2.png,25.59321659314268,0.8398924328469509,179.37367314814816
Industrial_industrial_114_generated_x2.png,23.042460131874943,0.777568360828479,322.72629166666667
Industrial_industrial_115_generated_x2.png,24.76132498046801,0.7146756660389846,217.24403611111111
Industrial_industrial_116_generated_x2.png,24.855770225026998,0.8278892461296019,212.57066851851852
Industrial_industrial_117_generated_x2.png,23.580305489688588,0.7762022353356732,285.1345287037037
Industrial_industrial_118_generated_x2.png,27.126231155075597,0.7921186264212761,126.02515648148149
Industrial_industrial_119_generated_x2.png,24.022513103958183,0.7797076505537777,257.530725
Industrial_industrial_120_generated_x2.png,25.538784913708547,0.7595150598008363,181.635975
Meadow_meadow_101_generated_x2.png,32.41164209512447,0.7805689702780634,37.31781018518519
Meadow_meadow_102_generated_x2.png,31.262850746815054,0.733998400590837,48.61779814814815
Meadow_meadow_103_generated_x2.png,31.937641113487402,0.7582311865264654,41.62135833333333
Meadow_meadow_104_generated_x2.png,33.499452705941685,0.8173917091346738,29.04926111111111
Meadow_meadow_105_generated_x2.png,30.93802535178544,0.8154257636160436,52.39355
Meadow_meadow_106_generated_x2.png,33.183729913554906,0.764922012756268,31.239737037037038
Meadow_meadow_107_generated_x2.png,32.86727009347908,0.7741603132055688,33.60108888888889
Meadow_meadow_108_generated_x2.png,32.12572717389292,0.7879737795509684,39.857278703703706
Meadow_meadow_109_generated_x2.png,32.00860049916587,0.763590028096362,40.946832407407406
Meadow_meadow_110_generated_x2.png,32.11251521952944,0.7811031697143603,39.97871574074074
Meadow_meadow_111_generated_x2.png,33.065502120658635,0.7920185457475927,32.101856481481484
Meadow_meadow_112_generated_x2.png,32.86646355187783,0.7903946015380493,33.60732962962963
Meadow_meadow_113_generated_x2.png,34.506563237675294,0.8121188299745898,23.0369
Meadow_meadow_114_generated_x2.png,32.15206905867354,0.8120263274511491,39.616258333333334
Meadow_meadow_115_generated_x2.png,28.784235855913302,0.7787027449879386,86.03135740740741
Meadow_meadow_116_generated_x2.png,30.85427810937045,0.8333214354230263,53.41368611111111
Meadow_meadow_117_generated_x2.png,28.50016444887539,0.6422914083735509,91.84677592592593
Meadow_meadow_118_generated_x2.png,32.58571055846285,0.7687747901448204,35.85166296296296
Meadow_meadow_119_generated_x2.png,35.58702252106774,0.8956930818666023,17.96296851851852
Meadow_meadow_120_generated_x2.png,27.539291145377277,0.5278695290890315,114.59119444444444
MediumResidential_mediumresidential_101_generated_x2.png,24.354646651531088,0.7214946075180019,238.56992592592593
MediumResidential_mediumresidential_102_generated_x2.png,24.434504988480818,0.744668439264856,234.22317407407408
MediumResidential_mediumresidential_103_generated_x2.png,23.890531217941714,0.7477791034919034,265.47720648148146
MediumResidential_mediumresidential_104_generated_x2.png,23.337801032438556,0.6886692407007241,301.50898425925925
MediumResidential_mediumresidential_105_generated_x2.png,23.925376215234472,0.6926440716473593,263.35571018518516
MediumResidential_mediumresidential_106_generated_x2.png,24.800556625883893,0.6870681777242491,215.29041666666666
MediumResidential_mediumresidential_107_generated_x2.png,24.046739337733204,0.7019455165761928,256.09814166666666
MediumResidential_mediumresidential_108_generated_x2.png,25.615499704852432,0.668692904902365,178.4556861111111
MediumResidential_mediumresidential_109_generated_x2.png,24.613987801510543,0.6682877982573888,224.74062314814816
MediumResidential_mediumresidential_110_generated_x2.png,26.203481271062728,0.6985494077907236,155.859125
MediumResidential_mediumresidential_111_generated_x2.png,24.104416915451274,0.6307030919671316,252.7194509259259
MediumResidential_mediumresidential_112_generated_x2.png,25.464114682441913,0.6687004953367026,184.78592685185185
MediumResidential_mediumresidential_113_generated_x2.png,29.294336968138772,0.8570431528424449,76.49739814814815
MediumResidential_mediumresidential_114_generated_x2.png,28.381513713158476,0.8595359778034671,94.39065277777777
MediumResidential_mediumresidential_115_generated_x2.png,30.850080745395836,0.8264459998149678,53.46533425925926
MediumResidential_mediumresidential_116_generated_x2.png,31.18295291114586,0.8561231213402615,49.52050555555556
MediumResidential_mediumresidential_117_generated_x2.png,29.393899942493313,0.845097700231774,74.76362777777777
MediumResidential_mediumresidential_118_generated_x2.png,28.310469322905895,0.8185569040236796,95.94744814814815
MediumResidential_mediumresidential_119_generated_x2.png,29.987550670739992,0.870747585091639,65.21166574074074
MediumResidential_mediumresidential_120_generated_x2.png,30.42582519939332,0.8787414817771898,58.95190462962963
Mountain_mountain_101_generated_x2.png,28.36093878188033,0.7750561450754345,94.83889444444445
Mountain_mountain_102_generated_x2.png,30.60646002314964,0.7844408730108204,56.55022777777778
Mountain_mountain_103_generated_x2.png,25.937481598268977,0.7125106214657363,165.70369814814813
Mountain_mountain_104_generated_x2.png,30.990749525742295,0.7966283309701471,51.76132777777778
Mountain_mountain_105_generated_x2.png,29.138585957954426,0.7707835566084426,79.2906111111111
Mountain_mountain_106_generated_x2.png,29.959426289303543,0.815390999477895,65.6353388888889
Mountain_mountain_107_generated_x2.png,28.772297735229493,0.8472835181514391,86.26817037037037
Mountain_mountain_108_generated_x2.png,25.21487893427158,0.7778964436403738,195.70073981481482
Mountain_mountain_109_generated_x2.png,23.778596632558376,0.7389335311918407,272.40852685185183
Mountain_mountain_110_generated_x2.png,24.484801493036862,0.7253809575157998,231.5262361111111
Mountain_mountain_111_generated_x2.png,29.14019814076122,0.7673180369077434,79.2611824074074
Mountain_mountain_112_generated_x2.png,25.933446907569937,0.7094770868663011,165.85771203703703
Mountain_mountain_113_generated_x2.png,27.918023660163236,0.7549844911348836,105.02144629629629
Mountain_mountain_114_generated_x2.png,29.85881587367316,0.7754858226479762,67.17362314814815
Mountain_mountain_115_generated_x2.png,29.024243108211326,0.6867793572546926,81.40593148148149
Mountain_mountain_116_generated_x2.png,24.07806218329585,0.7305772054761085,254.25771666666665
Mountain_mountain_117_generated_x2.png,22.96726934706519,0.7433047846066745,328.3624037037037
Mountain_mountain_118_generated_x2.png,25.871952620802624,0.7152823701911964,168.22289351851853
Mountain_mountain_119_generated_x2.png,24.505008407863613,0.7199385511402316,230.4514898148148
Mountain_mountain_120_generated_x2.png,32.23871310024308,0.8542942162313937,38.833725
Parking_parking_101_generated_x2.png,25.56798954310473,0.8345400715137267,180.41864074074073
Parking_parking_102_generated_x2.png,27.07118212082473,0.8217923983060521,127.63275648148148
Parking_parking_103_generated_x2.png,24.103611911856756,0.8212464571192171,252.76629907407408
Parking_parking_104_generated_x2.png,27.777555398211828,0.8422875982893306,108.47379166666667
Parking_parking_105_generated_x2.png,23.95585123643044,0.8110858862010187,261.51417685185186
Parking_parking_106_generated_x2.png,26.102509748627398,0.8262916450518455,159.5252324074074
Parking_parking_107_generated_x2.png,25.071930891506717,0.8232379834085378,202.24941388888888
Parking_parking_108_generated_x2.png,26.06303584267931,0.8550478001682622,160.98179907407408
Parking_parking_109_generated_x2.png,24.781424071926374,0.7687138842165518,216.24095648148148
Parking_parking_110_generated_x2.png,25.427815768153526,0.8290108318343714,186.33686481481482
Parking_parking_111_generated_x2.png,25.073033004835214,0.8422635582755881,202.19809537037037
Parking_parking_112_generated_x2.png,25.182216569012436,0.7777794779912849,197.17811203703704
Parking_parking_113_generated_x2.png,25.020415987619064,0.7735529404410819,204.66272962962964
Parking_parking_114_generated_x2.png,24.861917674820894,0.7998754007426321,212.26998703703703
Parking_parking_115_generated_x2.png,23.692519878948946,0.8227352149068382,277.86149814814814
Parking_parking_116_generated_x2.png,25.21587515054993,0.8318612047882437,195.6558537037037
Parking_parking_117_generated_x2.png,23.850679514733603,0.8089194892829094,267.924487962963
Parking_parking_118_generated_x2.png,25.348638031931785,0.8355420772099539,189.76519351851852
Parking_parking_119_generated_x2.png,24.770183082028502,0.7792062598179424,216.80138518518518
Parking_parking_120_generated_x2.png,25.391769940767887,0.8543525817473978,187.88987037037037
Park_park_101_generated_x2.png,23.705938050978897,0.7475742645284241,277.0043287037037
Park_park_102_generated_x2.png,23.764402215540336,0.7686098118629973,273.3003194444444
Park_park_103_generated_x2.png,25.687123304878313,0.7834679782420632,175.53674074074075
Park_park_104_generated_x2.png,23.405198093227277,0.7394105567972719,296.866062037037
Park_park_105_generated_x2.png,22.74501605187805,0.7767276815619457,345.6039962962963
Park_park_106_generated_x2.png,23.39188766342677,0.7537798220189972,297.7773046296296
Park_park_107_generated_x2.png,25.170603832061186,0.8020823466701845,197.70605833333335
Park_park_108_generated_x2.png,24.869444492673892,0.7712077799483342,211.9024175925926
Park_park_109_generated_x2.png,23.541671948839586,0.7661234125511974,287.68231574074076
Park_park_110_generated_x2.png,24.504184681343787,0.7331467010732139,230.4952037037037
Park_park_111_generated_x2.png,22.91415960858054,0.7698107683614287,332.4025907407407
Park_park_112_generated_x2.png,22.632728350167056,0.7162764270502993,354.656175
Park_park_113_generated_x2.png,23.67877008446794,0.7765970017783893,278.7426037037037
Park_park_114_generated_x2.png,21.814727617153803,0.7300823535145783,428.1614861111111
Park_park_115_generated_x2.png,23.74471370000061,0.7889405217395433,274.542125
Park_park_116_generated_x2.png,23.679947190888807,0.7344222064412295,278.6670638888889
Park_park_117_generated_x2.png,24.607015127585022,0.7794388770801692,225.10173796296297
Park_park_118_generated_x2.png,24.287247892373053,0.7027126853581213,242.3012037037037
Park_park_119_generated_x2.png,26.708507425849774,0.8238224807513039,138.74892222222223
Park_park_120_generated_x2.png,25.395479038212013,0.7609429764111825,187.7294712962963
Playground_playground_101_generated_x2.png,27.428634950500246,0.7282409981973652,117.5484388888889
Playground_playground_102_generated_x2.png,26.97759592572873,0.8086714687691948,130.4129648148148
Playground_playground_103_generated_x2.png,25.836512053907903,0.7517657631804898,169.60129166666667
Playground_playground_104_generated_x2.png,24.77410385246273,0.7479853870324756,216.60574722222222
Playground_playground_105_generated_x2.png,26.257402393201197,0.8689246797278664,153.93597314814815
Playground_playground_106_generated_x2.png,26.4417757278321,0.8375743048558909,147.537625
Playground_playground_107_generated_x2.png,27.86574379629064,0.8051320106284247,106.29332222222222
Playground_playground_108_generated_x2.png,28.53870250431434,0.8770692020884283,91.03535925925927
Playground_playground_109_generated_x2.png,26.592290331204676,0.8627469834662621,142.5119648148148
Playground_playground_110_generated_x2.png,29.822561776100713,0.8326151867781553,67.73672314814814
Playground_playground_111_generated_x2.png,26.44694406195363,0.8476834190609693,147.36215185185185
Playground_playground_112_generated_x2.png,27.840056450202987,0.8635535469186695,106.92388148148149
Playground_playground_113_generated_x2.png,28.507124240847872,0.8512514714750945,91.69970462962964
Playground_playground_114_generated_x2.png,27.39640172930851,0.8359379889709769,118.42412592592592
Playground_playground_115_generated_x2.png,28.295346272142368,0.8334968498565029,96.28213981481481
Playground_playground_116_generated_x2.png,29.91995200127194,0.8571085635447596,66.23463703703703
Playground_playground_117_generated_x2.png,26.99220868899357,0.8543706170518547,129.9749
Playground_playground_118_generated_x2.png,29.645495838694856,0.8682420952245034,70.55548425925926
Playground_playground_119_generated_x2.png,25.908019712249263,0.8447565281793329,166.8316287037037
Playground_playground_120_generated_x2.png,27.575346101785883,0.7945878741325693,113.64380092592593
Pond_pond_101_generated_x2.png,27.87395226425256,0.7277391251125499,106.09261018518518
Pond_pond_102_generated_x2.png,26.62083255787382,0.738361667179635,141.57843425925927
Pond_pond_103_generated_x2.png,26.21568594657447,0.8244643567954006,155.42173981481483
Pond_pond_104_generated_x2.png,25.356993585975008,0.7352670037258568,189.40044814814814
Pond_pond_105_generated_x2.png,24.027624090625864,0.7932492996539335,257.2278287037037
Pond_pond_106_generated_x2.png,26.227796247949907,0.8316198933270004,154.98895
Pond_pond_107_generated_x2.png,27.865250046468756,0.7881926185530929,106.3054074074074
Pond_pond_108_generated_x2.png,27.954174495249816,0.7485216795803954,104.15087222222222
Pond_pond_109_generated_x2.png,27.986393209253816,0.7746943906907631,103.38107407407408
Pond_pond_110_generated_x2.png,25.990002323794457,0.8402106480054184,163.71185462962964
Pond_pond_111_generated_x2.png,24.134323665056392,0.8371970004254797,250.9851314814815
Pond_pond_112_generated_x2.png,27.987578143911477,0.7681195420702172,103.3528712962963
Pond_pond_113_generated_x2.png,29.3758287748059,0.8422831127748402,75.07537037037036
Pond_pond_114_generated_x2.png,28.140827868128675,0.8208047271315181,99.76944907407407
Pond_pond_115_generated_x2.png,26.698687146513578,0.7916835476948814,139.06301666666667
Pond_pond_116_generated_x2.png,29.42849137904728,0.7770137826833282,74.17050277777778
Pond_pond_117_generated_x2.png,29.47178992056347,0.8652216820638103,73.4347074074074
Pond_pond_118_generated_x2.png,28.45939440435258,0.8184944917721452,92.71306111111112
Pond_pond_119_generated_x2.png,27.987876850282177,0.7951237981593614,103.34576296296297
Pond_pond_120_generated_x2.png,24.964130967068158,0.8044121912303243,207.3324425925926
Port_port_101_generated_x2.png,28.126257036172877,0.8966161141131455,100.10474351851852
Port_port_102_generated_x2.png,25.64707711828877,0.8297834274192839,177.1628462962963
Port_port_103_generated_x2.png,22.988381716766252,0.8073101405395482,326.77000833333335
Port_port_104_generated_x2.png,27.49489308572523,0.8756817265770663,115.76867222222222
Port_port_105_generated_x2.png,26.658377634021726,0.8454195955557635,140.35975370370372
Port_port_106_generated_x2.png,27.78527661009669,0.8116841933620926,108.28111018518518
Port_port_107_generated_x2.png,26.60245261891966,0.8580251389559262,142.17888333333335
Port_port_108_generated_x2.png,23.647272126464614,0.8046076430538114,280.77158148148146
Port_port_109_generated_x2.png,28.955235214762954,0.8422975333135975,82.709775
Port_port_110_generated_x2.png,30.620969047562006,0.8825627623866629,56.36161851851852
Port_port_111_generated_x2.png,26.17021473292477,0.8051076466829826,157.057575
Port_port_112_generated_x2.png,32.131224172379035,0.9201795081179506,39.806862037037035
Port_port_113_generated_x2.png,31.5034869429384,0.9277245510040554,45.997228703703705
Port_port_114_generated_x2.png,31.238257796110865,0.9171043173790873,48.89388888888889
Port_port_115_generated_x2.png,28.383345608697354,0.8766036098604942,94.3508462962963
Port_port_116_generated_x2.png,30.08745844114401,0.9166940170629104,63.72862037037037
Port_port_117_generated_x2.png,26.957684556039524,0.8636399061365968,131.01225
Port_port_118_generated_x2.png,28.723016380474967,0.9006691253226023,87.25266944444445
Port_port_119_generated_x2.png,26.85188565084825,0.850792027804531,134.24304537037037
Port_port_120_generated_x2.png,29.048613319897754,0.877981295155344,80.95040555555556
RailwayStation_railwaystation_101_generated_x2.png,27.04189284585918,0.8226949076605191,128.49643425925925
RailwayStation_railwaystation_102_generated_x2.png,28.56608290205651,0.8121456618814212,90.46322592592593
RailwayStation_railwaystation_103_generated_x2.png,29.495796273749285,0.842564767359269,73.02990462962963
RailwayStation_railwaystation_104_generated_x2.png,26.374919841614407,0.7871042051417053,149.8264111111111
RailwayStation_railwaystation_105_generated_x2.png,29.897676636359925,0.8311110126718262,66.57523333333333
RailwayStation_railwaystation_106_generated_x2.png,26.06129911539854,0.8376797308934347,161.04618796296296
RailwayStation_railwaystation_107_generated_x2.png,29.934018806819967,0.8765435089462006,66.02045
RailwayStation_railwaystation_108_generated_x2.png,29.928486731341142,0.7977449890858767,66.10460092592592
RailwayStation_railwaystation_109_generated_x2.png,28.47806261679616,0.8715066765198413,92.31538796296296
RailwayStation_railwaystation_110_generated_x2.png,30.94304752445911,0.8843639783577539,52.332997222222225
RailwayStation_railwaystation_111_generated_x2.png,27.511664099024124,0.8362099753042108,115.32247407407408
RailwayStation_railwaystation_112_generated_x2.png,30.366413026315165,0.8650741218066528,59.76391759259259
RailwayStation_railwaystation_113_generated_x2.png,31.632489369575847,0.8234048931124839,44.65102407407407
RailwayStation_railwaystation_114_generated_x2.png,29.398524298408066,0.8229820288855648,74.68406203703704
RailwayStation_railwaystation_115_generated_x2.png,29.183236210226262,0.8513080117071085,78.4795925925926
RailwayStation_railwaystation_116_generated_x2.png,26.434359076144787,0.823210603171419,147.78979722222223
RailwayStation_railwaystation_117_generated_x2.png,28.04750047231621,0.8244825140948399,101.93663981481481
RailwayStation_railwaystation_118_generated_x2.png,28.46984755347719,0.8091048395635124,92.49017592592593
RailwayStation_railwaystation_119_generated_x2.png,29.047901430161566,0.8626776749049387,80.96367592592593
RailwayStation_railwaystation_120_generated_x2.png,32.773187501955974,0.8408039450798666,34.33694166666667
Resort_resort_101_generated_x2.png,30.17398903306944,0.8707099889212303,62.47143148148148
Resort_resort_102_generated_x2.png,29.7432469545318,0.8805453889309214,68.98515833333333
Resort_resort_103_generated_x2.png,29.382157433483084,0.8756088952996973,74.96604814814815
Resort_resort_104_generated_x2.png,30.595280616894076,0.8690333296650445,56.69598425925926
Resort_resort_105_generated_x2.png,32.57363144422435,0.8920810759271877,35.95151666666667
Resort_resort_106_generated_x2.png,31.163711278534194,0.8465124898231525,49.74039537037037
Resort_resort_107_generated_x2.png,31.274286079853297,0.878266630641412,48.48995185185185
Resort_resort_108_generated_x2.png,32.73712970595031,0.9033706524391499,34.623214814814816
Resort_resort_109_generated_x2.png,31.356669863802313,0.8949347664700652,47.57878796296296
Resort_resort_110_generated_x2.png,31.009919387286867,0.8624961178580671,51.53335555555555
Resort_resort_111_generated_x2.png,30.68634336558288,0.8987377586493489,55.51956111111111
Resort_resort_112_generated_x2.png,30.46156950588636,0.8878198727845868,58.468696296296294
Resort_resort_113_generated_x2.png,30.116878507663642,0.8748166852917828,63.29836759259259
Resort_resort_114_generated_x2.png,27.83554836753694,0.8276380426553605,107.0349287037037
Resort_resort_115_generated_x2.png,28.80065141533796,0.844685535311505,85.70678796296296
Resort_resort_116_generated_x2.png,28.544460960748626,0.8506583330517866,90.91473240740741
Resort_resort_117_generated_x2.png,27.5298995032485,0.8634729467445604,114.83926666666666
Resort_resort_118_generated_x2.png,28.65190684936312,0.8466164026077996,88.6930675925926
Resort_resort_119_generated_x2.png,28.474674894357314,0.8571883437312651,92.38742685185186
Resort_resort_120_generated_x2.png,27.96026014937576,0.8536440861564922,104.00503055555555
River_river_101_generated_x2.png,30.445176765040635,0.8053811575687945,58.68980740740741
River_river_102_generated_x2.png,28.261773341381804,0.740817227789185,97.0293287037037
River_river_103_generated_x2.png,29.178912683838444,0.8478476038468741,78.55776018518519
River_river_104_generated_x2.png,29.086590520497385,0.7582234257788808,80.24561481481481
River_river_105_generated_x2.png,31.32464416282829,0.8581664581256504,47.93093981481481
River_river_106_generated_x2.png,30.67751249378133,0.8290867361431585,55.63256851851852
River_river_107_generated_x2.png,30.760323229390035,0.8247044339936953,54.581823148148146
River_river_108_generated_x2.png,30.67405011065138,0.7912117998619871,55.67693888888889
River_river_109_generated_x2.png,30.722224413820793,0.845704782928728,55.062752777777774
River_river_110_generated_x2.png,32.39795713067352,0.8671512316263751,37.43558703703704
River_river_111_generated_x2.png,30.75970485632596,0.8606466350776326,54.58959537037037
River_river_112_generated_x2.png,29.12985745674282,0.6628799792077495,79.45013055555556
River_river_113_generated_x2.png,28.855220476678575,0.613095290958527,84.63662037037037
River_river_114_generated_x2.png,26.275415846071212,0.6768545609829936,153.2988074074074
River_river_115_generated_x2.png,26.772159147510003,0.6985646141302184,136.73019907407408
River_river_116_generated_x2.png,26.988020072239372,0.7110130001696909,130.10031666666666
River_river_117_generated_x2.png,25.98494343800894,0.6429701719250781,163.90266574074073
River_river_118_generated_x2.png,29.66291471781672,0.8273169868701631,70.27306388888888
River_river_119_generated_x2.png,27.0541998150534,0.7564727269494069,128.13281851851852
River_river_120_generated_x2.png,25.369471613954474,0.7098275911378563,188.85704907407407
School_school_101_generated_x2.png,25.612995977186745,0.8361115852409503,178.5585962962963
School_school_102_generated_x2.png,23.620901238240712,0.7812502827436855,282.48164722222225
School_school_103_generated_x2.png,23.661233406383566,0.7614637798329622,279.8704333333333
School_school_104_generated_x2.png,23.069487707698798,0.7630726073760528,320.7240962962963
School_school_105_generated_x2.png,23.641730280912917,0.8048450950708824,281.13009074074074
School_school_106_generated_x2.png,26.02099465330815,0.8513454946162402,162.547725
School_school_107_generated_x2.png,25.381070995526088,0.7974096004095572,188.35331203703703
School_school_108_generated_x2.png,28.261090363028547,0.84928059509762,97.0445888888889
School_school_109_generated_x2.png,34.307067418896786,0.9297406286329304,24.11979537037037
School_school_110_generated_x2.png,25.14590427376104,0.7614468267406037,198.83367222222222
School_school_111_generated_x2.png,25.489098942039963,0.8086944841959237,183.7259351851852
School_school_112_generated_x2.png,26.207750722035982,0.8414645978119007,155.7059787037037
School_school_113_generated_x2.png,26.629538630906488,0.8576549169895725,141.2949037037037
School_school_114_generated_x2.png,25.152722781061367,0.7772152187712135,198.52174444444444
School_school_115_generated_x2.png,23.716505586503338,0.7765675754012613,276.33112314814815
School_school_116_generated_x2.png,27.211485962959337,0.8485988905293961,123.57532592592592
School_school_117_generated_x2.png,25.361093614234534,0.8095802485561628,189.22172592592594
School_school_118_generated_x2.png,24.85376625709566,0.8371910122484344,212.6687777777778
School_school_119_generated_x2.png,24.195950266974307,0.7195134033476336,247.4487898148148
School_school_120_generated_x2.png,30.928549379052615,0.8932225442378267,52.50799351851852
SparseResidential_sparseresidential_101_generated_x2.png,25.194250845058125,0.6359389006713897,196.6324888888889
SparseResidential_sparseresidential_102_generated_x2.png,24.25215000906569,0.6359916699361582,244.26731574074074
SparseResidential_sparseresidential_103_generated_x2.png,25.330876639819916,0.6395278620077952,190.5428675925926
SparseResidential_sparseresidential_104_generated_x2.png,24.226692895806664,0.6381270795968111,245.7033462962963
SparseResidential_sparseresidential_105_generated_x2.png,25.20509039853905,0.6549521119465708,196.14232592592592
SparseResidential_sparseresidential_106_generated_x2.png,23.857824931489336,0.642130444773834,267.4840361111111
SparseResidential_sparseresidential_107_generated_x2.png,24.957401564340284,0.6900244927423608,207.6539537037037
SparseResidential_sparseresidential_108_generated_x2.png,23.394917131876976,0.6318331248979471,297.56965925925925
SparseResidential_sparseresidential_109_generated_x2.png,25.333999107988625,0.6829608137630504,190.4059212962963
SparseResidential_sparseresidential_110_generated_x2.png,24.404705044983892,0.658964062294597,235.8358675925926
SparseResidential_sparseresidential_111_generated_x2.png,24.85972638659117,0.6564638744532205,212.37711759259258
SparseResidential_sparseresidential_112_generated_x2.png,25.285585642453007,0.6261223449427096,192.5403675925926
SparseResidential_sparseresidential_113_generated_x2.png,24.849757031602397,0.6527866336442765,212.86519537037037
SparseResidential_sparseresidential_114_generated_x2.png,24.901493989381503,0.6955852020356028,210.3444037037037
SparseResidential_sparseresidential_115_generated_x2.png,26.931582811300135,0.6591359453534938,131.80202407407407
SparseResidential_sparseresidential_116_generated_x2.png,24.669534809016042,0.6795540863607439,221.8844564814815
SparseResidential_sparseresidential_117_generated_x2.png,26.20769857988066,0.6362423034084423,155.70784814814814
SparseResidential_sparseresidential_118_generated_x2.png,24.400446881392487,0.6515690925474308,236.06721296296297
SparseResidential_sparseresidential_119_generated_x2.png,27.10049688403643,0.6521134424510737,126.77413981481482
SparseResidential_sparseresidential_120_generated_x2.png,27.280295143451838,0.7055023352108073,121.63283981481482
Square_square_101_generated_x2.png,26.25683078465432,0.7127147044567881,153.9562351851852
Square_square_102_generated_x2.png,24.889224695910755,0.75942396535133,210.9394898148148
Square_square_103_generated_x2.png,31.41673774380944,0.897352622876769,46.925249074074074
Square_square_104_generated_x2.png,26.237223655108487,0.7411038289945237,154.65287407407408
Square_square_105_generated_x2.png,28.313962912660248,0.8353505877540869,95.8702962962963
Square_square_106_generated_x2.png,28.078682557181907,0.817551124684602,101.20736203703704
Square_square_107_generated_x2.png,29.410564207401997,0.846607689533036,74.47730277777778
Square_square_108_generated_x2.png,22.29196945497742,0.7924453307650056,383.6042546296296
Square_square_109_generated_x2.png,34.98699622776813,0.9166963216718672,20.624372222222224
Square_square_110_generated_x2.png,23.409499274631195,0.7884623342690501,296.5721962962963
Square_square_111_generated_x2.png,29.590776606126184,0.8957464476695268,71.45007685185185
Square_square_112_generated_x2.png,29.57267153768576,0.803661902205531,71.74856296296296
Square_square_113_generated_x2.png,29.01868851051062,0.8722759788024428,81.51011574074074
Square_square_114_generated_x2.png,25.524772524248583,0.8144708281550703,182.22296481481482
Square_square_115_generated_x2.png,31.157140831927528,0.8809472593136322,49.81570462962963
Square_square_116_generated_x2.png,24.623255019349394,0.8055029093469145,224.26157037037038
Square_square_117_generated_x2.png,27.80095567337913,0.8215316718297441,107.89089444444444
Square_square_118_generated_x2.png,30.29672861861673,0.8698667415601169,60.73058981481481
Square_square_119_generated_x2.png,27.553181872898328,0.8169535390636429,114.22526481481482
Square_square_120_generated_x2.png,27.975163191392515,0.8109285874304116,103.64874351851851
Stadium_stadium_101_generated_x2.png,26.692728119026373,0.7962946593311636,139.25395833333334
Stadium_stadium_102_generated_x2.png,28.161883449825844,0.790358430583684,99.28691481481482
Stadium_stadium_103_generated_x2.png,24.40801328437081,0.7640258454059551,235.65628796296295
Stadium_stadium_104_generated_x2.png,29.19096608865667,0.851346199495061,78.34003333333334
Stadium_stadium_105_generated_x2.png,26.584478882001584,0.8388723755487785,142.768525
Stadium_stadium_106_generated_x2.png,25.195677649368207,0.8131500765252051,196.56789907407406
Stadium_stadium_107_generated_x2.png,25.612290126610127,0.7658239138476671,178.58761944444444
Stadium_stadium_108_generated_x2.png,25.86857466012407,0.8241227259584666,168.3537888888889
Stadium_stadium_109_generated_x2.png,24.734110466558946,0.8114358478533813,218.6096425925926
Stadium_stadium_110_generated_x2.png,24.620336448920153,0.7644725064504705,224.41233055555554
Stadium_stadium_111_generated_x2.png,23.377816201587397,0.7786940038090511,298.74368981481484
Stadium_stadium_112_generated_x2.png,25.289273321162963,0.8055759525317652,192.3769472222222
Stadium_stadium_113_generated_x2.png,22.27569628748356,0.6950325748166578,385.04432962962966
Stadium_stadium_114_generated_x2.png,24.065340981460576,0.7211225537246969,255.0035712962963
Stadium_stadium_115_generated_x2.png,25.609434477659796,0.7147483211002177,178.70508611111111
Stadium_stadium_116_generated_x2.png,26.645240613834012,0.7536433620568047,140.78497222222222
Stadium_stadium_117_generated_x2.png,25.7576206410944,0.7650121508022515,172.71032314814815
Stadium_stadium_118_generated_x2.png,23.759386978035714,0.714393315246161,273.61610925925925
Stadium_stadium_119_generated_x2.png,24.651479833417646,0.7571363978535487,222.80881944444445
Stadium_stadium_120_generated_x2.png,24.744355607153526,0.7286256243066606,218.09454351851852
StorageTanks_storagetanks_101_generated_x2.png,26.438627115912826,0.728949984992643,147.64462777777777
StorageTanks_storagetanks_102_generated_x2.png,26.21629889814869,0.8133927687490156,155.39980555555556
StorageTanks_storagetanks_103_generated_x2.png,23.867984312626056,0.7471574210239315,266.8590462962963
StorageTanks_storagetanks_104_generated_x2.png,24.568519049807662,0.7872339270473235,227.10592037037037
StorageTanks_storagetanks_105_generated_x2.png,25.700170480073297,0.7923126721306267,175.01018055555556
StorageTanks_storagetanks_106_generated_x2.png,25.645815110368982,0.7749107537786899,177.21433518518518
StorageTanks_storagetanks_107_generated_x2.png,24.632681966656627,0.7873656241151367,223.77530833333333
StorageTanks_storagetanks_108_generated_x2.png,25.917660884359357,0.7698145554483302,166.46167962962963
StorageTanks_storagetanks_109_generated_x2.png,24.763376476599586,0.7625773080821245,217.14143981481482
StorageTanks_storagetanks_110_generated_x2.png,25.78410500716641,0.7535415618369647,171.66029722222223
StorageTanks_storagetanks_111_generated_x2.png,25.038471317308332,0.7433336193990251,203.8136324074074
StorageTanks_storagetanks_112_generated_x2.png,26.077154675969748,0.7994996226653573,160.4593
StorageTanks_storagetanks_113_generated_x2.png,25.918259250679036,0.7933208404905588,166.4387462962963
StorageTanks_storagetanks_114_generated_x2.png,23.879346782520603,0.7700254248418,266.16177407407406
StorageTanks_storagetanks_115_generated_x2.png,26.23318964175568,0.7703099370719801,154.7965925925926
StorageTanks_storagetanks_116_generated_x2.png,26.43528368946226,0.8221505943658828,147.7583361111111
StorageTanks_storagetanks_117_generated_x2.png,28.267470142719702,0.8242590389545681,96.90213518518519
StorageTanks_storagetanks_118_generated_x2.png,26.688834839866185,0.8029352222031285,139.37885
StorageTanks_storagetanks_119_generated_x2.png,26.901624219798805,0.8350542393547397,132.71436666666668
StorageTanks_storagetanks_120_generated_x2.png,25.61952972164335,0.8066227873761743,178.29016574074075
Viaduct_viaduct_101_generated_x2.png,25.603898478030143,0.7374426637776996,178.9330287037037
Viaduct_viaduct_102_generated_x2.png,25.81933326091089,0.7492278900476976,170.2734888888889
Viaduct_viaduct_103_generated_x2.png,31.335638460629664,0.8654114555581627,47.80975462962963
Viaduct_viaduct_104_generated_x2.png,28.526563256672006,0.8426337982386496,91.29017407407407
Viaduct_viaduct_105_generated_x2.png,28.226878516750503,0.8310489136586706,97.81208333333333
Viaduct_viaduct_106_generated_x2.png,27.287163473256673,0.8463143407669388,121.44063055555556
Viaduct_viaduct_107_generated_x2.png,28.516399388857604,0.8276238047454809,91.50407222222222
Viaduct_viaduct_108_generated_x2.png,30.116094256620194,0.8286470492438864,63.30979907407407
Viaduct_viaduct_109_generated_x2.png,28.03853429833335,0.8017154556590387,102.14730925925926
Viaduct_viaduct_110_generated_x2.png,28.81428906135392,0.8563716772521341,85.438075
Viaduct_viaduct_111_generated_x2.png,27.75725148115481,0.7881815297911432,108.98211018518519
Viaduct_viaduct_112_generated_x2.png,27.834594658637954,0.7502245739969461,107.0584361111111
Viaduct_viaduct_113_generated_x2.png,29.799873708475676,0.7844473118511909,68.09151388888888
Viaduct_viaduct_114_generated_x2.png,28.567604750745478,0.8098435607776957,90.43153148148149
Viaduct_viaduct_115_generated_x2.png,29.759524999850573,0.806619238460554,68.727075
Viaduct_viaduct_116_generated_x2.png,25.90708615910078,0.744665641726869,166.86749444444445
Viaduct_viaduct_117_generated_x2.png,26.609369442525587,0.778315826203874,141.9526212962963
Viaduct_viaduct_118_generated_x2.png,24.60539517163187,0.7421604739252468,225.1857185185185
Viaduct_viaduct_119_generated_x2.png,23.92884109135776,0.7843854372118816,263.14568425925927
Viaduct_viaduct_120_generated_x2.png,23.694847474897855,0.7400049982122358,277.7126185185185
